{"params": {"copy": true, "method": "yeo-johnson", "standardize": true}, "lambdas": [1.0274962813764585, 0.9927083716095978, 1.0059202420511375, -0.3374120826887387, -0.07506860700493477, -0.11315744760053223, 0.13000169222341812, 1.028916857394923, -0.48364773451498666, 0.5215315944576278, 0.48495774788409607, -0.02730773133147107, 0.9979176474073922, -1.1064779117752022, 0.9930156163981274, 0.9857435356830119, 0.9951367485070771, 0.9407221063724188, 0.9933534395931647, 0.9994428493869312, 0.997538124577803, 0.9988877268486103, 0.9735689662983423, 0.9873858854383237, 0.9935131673965644, 0.9954074937762889, 1.234406527981935, -0.40282835378130766, 0.9785277749062529], "n_features": 29, "feature_names": ["bx", "by", "bz", "bt", "v", "n", "t", "dipole_tilt", "f107", "kp", "hp30", "ap30", "clock_angle", "sqrt_f107", "derived_1", "derived_2", "derived_3", "derived_4", "derived_5", "derived_6", "derived_7", "derived_8", "derived_9", "derived_10", "derived_11", "derived_12", "derived_13", "p", "e"]}