{"mean": [-0.4095818419462673, -0.023998965455078475, -0.7198853428406257, 1.454617656664803, 4.9284949368207, 1.3693045658315666, 27.305365140668773, -1.5537323865396968, 1.8590224082145332, 1.8518127462773577, 1.7778862651131446, 2.476149342681691, 1.0455246025579306, 0.8441326347322458, -0.9228337334308648, -75.45037766129755, 0.33121843331875944, -1.757865457236664, 0.03686866055821884, -1.2891221643166921, -1.4183914924511822, -0.04736354274636861, -0.7647774093591693, -62.54536789148636, -0.31687116601292903, -22.71999278691906, 0.5870415227886577, 0.7756681513867125, 0.3293137846522372], "scale": [4.574451888649231, 5.3409399778955295, 4.9688688831634185, 0.21576252136885848, 0.143755191451902, 0.6189981677098462, 4.356816320923669, 14.964926901608925, 0.033580311930279425, 0.8351856808655956, 0.8053265493205113, 0.8775039826331313, 109.20006051149286, 0.010119598034154582, 5.896858946912645, 333.3187037737813, 10.272548452037274, 7.555310551277376, 6.325548637329075, 365.76423124954016, 11.241838310753312, 8.207290606369197, 6.145105736940131, 349.70167427574575, 6.12792826882759, 350.8711732389522, 0.38529497141428726, 0.37360025613718034, 2.4769034426879615], "var": [20.92561008156652, 28.5256398474827, 24.689657978069675, 0.04655346562744712, 0.020665555069373, 0.38315873162814684, 18.98184845426686, 223.94903717049849, 0.0011276373493348665, 0.6975351215229286, 0.6485508510404818, 0.770013239537007, 11924.653215713704, 0.00010240626437286528, 34.77294543978371, 111101.35828543377, 105.52525169945338, 57.08271752624325, 40.012565563215716, 133783.4728615671, 126.37892860512089, 67.35961909739606, 37.76232451817451, 122291.26099125977, 37.551504867896305, 123110.58021007884, 0.14845221499713646, 0.13957715138576676, 6.135050664399476]}